{
  "id": "sta-tactical-campaign",
  "title": "STA Tactical Campaign",
  "description": "Adds Assets and Points of Interest actor types for the Federation-Klingon War Tactical Campaign rules from Star Trek Adventures.",
  "version": "1.0.1",
  "manifest": "https://github.com/AlexBoer/sta-tactical-campaign/releases/latest/download/module.json",
  "download": "https://github.com/AlexBoer/sta-tactical-campaign/releases/download/1.0.1/module.zip",
  "url": "https://github.com/AlexBoer/sta-tactical-campaign",
  "bugs": "https://github.com/AlexBoer/sta-tactical-campaign/issues",
  "changelog": "https://github.com/AlexBoer/sta-tactical-campaign/releases",
  "compatibility": {
    "minimum": "13",
    "verified": "13"
  },
  "authors": [
    {
      "name": "Alex Boer"
    }
  ],
  "esmodules": [
    "scripts/module.js"
  ],
  "styles": [
    "styles/styles.css"
  ],
  "languages": [
    {
      "lang": "en",
      "name": "English",
      "path": "lang/en.json"
    }
  ],
  "relationships": {
    "systems": [
      {
        "id": "sta",
        "type": "system",
        "compatibility": {
          "minimum": "2.5.0",
          "verified": "2.5.0"
        }
      }
    ]
  },
  "documentTypes": {
    "Actor": {
      "asset": {},
      "poi": {}
    }
  }
}
