{
  "id": "sta-tactical-campaign",
  "title": "STA Tactical Campaign",
  "description": "<p>Adds Assets and Points of Interest actor types for the Federation-Klingon War Tactical Campaign rules from Star Trek Adventures.</p>",
  "version": "1.0.3",
  "manifest": "https://github.com/AlexBoer/sta-tactical-campaign/releases/latest/download/module.json",
  "download": "https://github.com/AlexBoer/sta-tactical-campaign/releases/download/1.0.3/module.zip",
  "url": "https://github.com/AlexBoer/sta-tactical-campaign",
  "bugs": "https://github.com/AlexBoer/sta-tactical-campaign/issues",
  "changelog": "https://github.com/AlexBoer/sta-tactical-campaign/releases",
  "compatibility": {
    "minimum": "13",
    "verified": "13"
  },
  "authors": [
    {
      "name": "Alex Boer",
      "flags": {}
    }
  ],
  "esmodules": [
    "scripts/module.js"
  ],
  "styles": [
    {
      "src": "styles/styles.css"
    }
  ],
  "languages": [
    {
      "lang": "en",
      "name": "English",
      "path": "lang/en.json",
      "flags": {}
    }
  ],
  "relationships": {
    "systems": [
      {
        "id": "sta",
        "type": "system",
        "compatibility": {
          "minimum": "2.5.0",
          "verified": "2.5.0"
        }
      }
    ]
  },
  "documentTypes": {
    "Actor": {
      "asset": {},
      "poi": {}
    }
  },
  "packs": [
    {
      "name": "tactical-campaign-macros",
      "label": "Tactical Campaign Macros",
      "path": "packs/tactical-campaign-macros",
      "type": "Macro",
      "ownership": {
        "PLAYER": "OBSERVER",
        "ASSISTANT": "OWNER"
      },
      "system": "sta"
    }
  ],
  "flags": {}
}